<profile version="1.0">
  <option name="myName" value="Default" />
  <inspection_tool class="PyPackageRequirementsInspection" enabled="true" level="WARNING" enabled_by_default="true">
    <option name="ignoredPackages">
      <value>
        <list size="20">
          <item index="0" class="java.lang.String" itemvalue="tensorflow" />
          <item index="1" class="java.lang.String" itemvalue="revtorch" />
          <item index="2" class="java.lang.String" itemvalue="pytorch" />
          <item index="3" class="java.lang.String" itemvalue="easydict" />
          <item index="4" class="java.lang.String" itemvalue="torch-model-archiver" />
          <item index="5" class="java.lang.String" itemvalue="pytorch_lightning" />
          <item index="6" class="java.lang.String" itemvalue="fire" />
          <item index="7" class="java.lang.String" itemvalue="orjson" />
          <item index="8" class="java.lang.String" itemvalue="ray" />
          <item index="9" class="java.lang.String" itemvalue="Cython" />
          <item index="10" class="java.lang.String" itemvalue="tqdm" />
          <item index="11" class="java.lang.String" itemvalue="pandas" />
          <item index="12" class="java.lang.String" itemvalue="paramiko" />
          <item index="13" class="java.lang.String" itemvalue="dotmap" />
          <item index="14" class="java.lang.String" itemvalue="PyYAML" />
          <item index="15" class="java.lang.String" itemvalue="wget" />
          <item index="16" class="java.lang.String" itemvalue="wandb" />
          <item index="17" class="java.lang.String" itemvalue="torch" />
          <item index="18" class="java.lang.String" itemvalue="numpy" />
          <item index="19" class="java.lang.String" itemvalue="tensorflow-gpu" />
        </list>
      </value>
    </option>
  </inspection_tool>
</profile>