<keymap version="1" name="macOS copy" parent="Mac OS X 10.5+">
  <action id="ActivateCommitToolWindow" />
  <action id="ChooseRunConfiguration" />
  <action id="DebugClass" />
  <action id="Run">
    <keyboard-shortcut first-keystroke="ctrl alt r" />
  </action>
  <action id="StepIntoMyCode">
    <keyboard-shortcut first-keystroke="shift exclamation_mark" />
  </action>
  <action id="StepOut">
    <keyboard-shortcut first-keystroke="shift 2" />
  </action>
  <action id="Stop">
    <keyboard-shortcut first-keystroke="meta semicolon" />
  </action>
  <action id="ToggleLineBreakpoint">
    <keyboard-shortcut first-keystroke="meta 0" />
  </action>
  <action id="UsageFiltering.ReadAccess" />
</keymap>